{ ... }	file:///usr/include/x86_64-linux-gnu/bits/byteswap.h:111:3:111:35	0	return ...	file:///usr/include/x86_64-linux-gnu/bits/byteswap.h:110:1:112:1
{ ... }	file:///usr/include/x86_64-linux-gnu/bits/byteswap.h:47:3:47:35	0	return ...	file:///usr/include/x86_64-linux-gnu/bits/byteswap.h:46:1:48:1
{ ... }	file:///usr/include/x86_64-linux-gnu/bits/uintn-identity.h:47:3:47:13	0	return ...	file:///usr/include/x86_64-linux-gnu/bits/uintn-identity.h:46:1:48:1
{ ... }	file:///usr/include/x86_64-linux-gnu/bits/uintn-identity.h:41:3:41:13	0	return ...	file:///usr/include/x86_64-linux-gnu/bits/uintn-identity.h:40:1:42:1
{ ... }	file:///usr/include/x86_64-linux-gnu/bits/uintn-identity.h:35:3:35:13	0	return ...	file:///usr/include/x86_64-linux-gnu/bits/uintn-identity.h:34:1:36:1
{ ... }	file:///home/aadityanaik/codeql-exploration/sample-code/good_casts.h:23:5:23:17	0	declaration	file:///home/aadityanaik/codeql-exploration/sample-code/good_casts.h:22:19:27:1
{ ... }	file:///home/aadityanaik/codeql-exploration/sample-code/good_casts.h:24:5:26:5	1	if (...) ... 	file:///home/aadityanaik/codeql-exploration/sample-code/good_casts.h:22:19:27:1
{ ... }	file:///home/aadityanaik/codeql-exploration/sample-code/good_casts.h:25:9:25:17	0	ExprStmt	file:///home/aadityanaik/codeql-exploration/sample-code/good_casts.h:24:19:26:5
{ ... }	file:///home/aadityanaik/codeql-exploration/sample-code/good_casts.h:27:1:27:1	2	return ...	file:///home/aadityanaik/codeql-exploration/sample-code/good_casts.h:22:19:27:1
{ ... }	file:///home/aadityanaik/codeql-exploration/sample-code/good_casts.h:19:5:19:24	0	declaration	file:///home/aadityanaik/codeql-exploration/sample-code/good_casts.h:18:19:20:1
{ ... }	file:///home/aadityanaik/codeql-exploration/sample-code/good_casts.h:20:1:20:1	1	return ...	file:///home/aadityanaik/codeql-exploration/sample-code/good_casts.h:18:19:20:1
{ ... }	file:///home/aadityanaik/codeql-exploration/sample-code/good_casts.h:13:5:13:26	0	declaration	file:///home/aadityanaik/codeql-exploration/sample-code/good_casts.h:12:19:16:1
{ ... }	file:///home/aadityanaik/codeql-exploration/sample-code/good_casts.h:15:5:15:17	1	declaration	file:///home/aadityanaik/codeql-exploration/sample-code/good_casts.h:12:19:16:1
{ ... }	file:///home/aadityanaik/codeql-exploration/sample-code/good_casts.h:16:1:16:1	2	return ...	file:///home/aadityanaik/codeql-exploration/sample-code/good_casts.h:12:19:16:1
{ ... }	file:///home/aadityanaik/codeql-exploration/sample-code/good_casts.h:9:5:9:25	0	declaration	file:///home/aadityanaik/codeql-exploration/sample-code/good_casts.h:8:19:10:1
{ ... }	file:///home/aadityanaik/codeql-exploration/sample-code/good_casts.h:10:1:10:1	1	return ...	file:///home/aadityanaik/codeql-exploration/sample-code/good_casts.h:8:19:10:1
{ ... }	file:///home/aadityanaik/codeql-exploration/sample-code/good_casts.h:5:5:5:29	0	declaration	file:///home/aadityanaik/codeql-exploration/sample-code/good_casts.h:4:19:6:1
{ ... }	file:///home/aadityanaik/codeql-exploration/sample-code/good_casts.h:6:1:6:1	1	return ...	file:///home/aadityanaik/codeql-exploration/sample-code/good_casts.h:4:19:6:1
{ ... }	file:///home/aadityanaik/codeql-exploration/sample-code/bad_casts.h:35:5:35:34	0	declaration	file:///home/aadityanaik/codeql-exploration/sample-code/bad_casts.h:34:18:36:1
{ ... }	file:///home/aadityanaik/codeql-exploration/sample-code/bad_casts.h:36:1:36:1	1	return ...	file:///home/aadityanaik/codeql-exploration/sample-code/bad_casts.h:34:18:36:1
{ ... }	file:///home/aadityanaik/codeql-exploration/sample-code/bad_casts.h:31:5:31:30	0	declaration	file:///home/aadityanaik/codeql-exploration/sample-code/bad_casts.h:30:18:32:1
{ ... }	file:///home/aadityanaik/codeql-exploration/sample-code/bad_casts.h:32:1:32:1	1	return ...	file:///home/aadityanaik/codeql-exploration/sample-code/bad_casts.h:30:18:32:1
{ ... }	file:///home/aadityanaik/codeql-exploration/sample-code/bad_casts.h:21:5:21:26	0	declaration	file:///home/aadityanaik/codeql-exploration/sample-code/bad_casts.h:20:18:28:1
{ ... }	file:///home/aadityanaik/codeql-exploration/sample-code/bad_casts.h:22:5:22:23	1	declaration	file:///home/aadityanaik/codeql-exploration/sample-code/bad_casts.h:20:18:28:1
{ ... }	file:///home/aadityanaik/codeql-exploration/sample-code/bad_casts.h:23:5:25:5	2	for(...;...;...) ...	file:///home/aadityanaik/codeql-exploration/sample-code/bad_casts.h:20:18:28:1
{ ... }	file:///home/aadityanaik/codeql-exploration/sample-code/bad_casts.h:24:9:24:17	0	ExprStmt	file:///home/aadityanaik/codeql-exploration/sample-code/bad_casts.h:23:30:25:5
{ ... }	file:///home/aadityanaik/codeql-exploration/sample-code/bad_casts.h:27:5:27:33	3	ExprStmt	file:///home/aadityanaik/codeql-exploration/sample-code/bad_casts.h:20:18:28:1
{ ... }	file:///home/aadityanaik/codeql-exploration/sample-code/bad_casts.h:28:1:28:1	4	return ...	file:///home/aadityanaik/codeql-exploration/sample-code/bad_casts.h:20:18:28:1
{ ... }	file:///home/aadityanaik/codeql-exploration/sample-code/bad_casts.h:17:5:17:21	0	declaration	file:///home/aadityanaik/codeql-exploration/sample-code/bad_casts.h:16:18:18:1
{ ... }	file:///home/aadityanaik/codeql-exploration/sample-code/bad_casts.h:18:1:18:1	1	return ...	file:///home/aadityanaik/codeql-exploration/sample-code/bad_casts.h:16:18:18:1
{ ... }	file:///home/aadityanaik/codeql-exploration/sample-code/bad_casts.h:13:5:13:39	0	declaration	file:///home/aadityanaik/codeql-exploration/sample-code/bad_casts.h:12:18:14:1
{ ... }	file:///home/aadityanaik/codeql-exploration/sample-code/bad_casts.h:14:1:14:1	1	return ...	file:///home/aadityanaik/codeql-exploration/sample-code/bad_casts.h:12:18:14:1
{ ... }	file:///home/aadityanaik/codeql-exploration/sample-code/bad_casts.h:9:5:9:32	0	declaration	file:///home/aadityanaik/codeql-exploration/sample-code/bad_casts.h:8:18:10:1
{ ... }	file:///home/aadityanaik/codeql-exploration/sample-code/bad_casts.h:10:1:10:1	1	return ...	file:///home/aadityanaik/codeql-exploration/sample-code/bad_casts.h:8:18:10:1
{ ... }	file:///home/aadityanaik/codeql-exploration/sample-code/bad_casts.h:5:5:5:23	0	declaration	file:///home/aadityanaik/codeql-exploration/sample-code/bad_casts.h:4:18:6:1
{ ... }	file:///home/aadityanaik/codeql-exploration/sample-code/bad_casts.h:6:1:6:1	1	return ...	file:///home/aadityanaik/codeql-exploration/sample-code/bad_casts.h:4:18:6:1
{ ... }	file:///home/aadityanaik/codeql-exploration/sample-code/main.c:8:5:8:17	0	ExprStmt	file:///home/aadityanaik/codeql-exploration/sample-code/main.c:6:12:20:1
{ ... }	file:///home/aadityanaik/codeql-exploration/sample-code/main.c:9:5:9:16	1	ExprStmt	file:///home/aadityanaik/codeql-exploration/sample-code/main.c:6:12:20:1
{ ... }	file:///home/aadityanaik/codeql-exploration/sample-code/main.c:10:5:10:17	2	ExprStmt	file:///home/aadityanaik/codeql-exploration/sample-code/main.c:6:12:20:1
{ ... }	file:///home/aadityanaik/codeql-exploration/sample-code/main.c:11:5:11:16	3	ExprStmt	file:///home/aadityanaik/codeql-exploration/sample-code/main.c:6:12:20:1
{ ... }	file:///home/aadityanaik/codeql-exploration/sample-code/main.c:12:5:12:17	4	ExprStmt	file:///home/aadityanaik/codeql-exploration/sample-code/main.c:6:12:20:1
{ ... }	file:///home/aadityanaik/codeql-exploration/sample-code/main.c:13:5:13:16	5	ExprStmt	file:///home/aadityanaik/codeql-exploration/sample-code/main.c:6:12:20:1
{ ... }	file:///home/aadityanaik/codeql-exploration/sample-code/main.c:14:5:14:17	6	ExprStmt	file:///home/aadityanaik/codeql-exploration/sample-code/main.c:6:12:20:1
{ ... }	file:///home/aadityanaik/codeql-exploration/sample-code/main.c:15:5:15:16	7	ExprStmt	file:///home/aadityanaik/codeql-exploration/sample-code/main.c:6:12:20:1
{ ... }	file:///home/aadityanaik/codeql-exploration/sample-code/main.c:16:5:16:17	8	ExprStmt	file:///home/aadityanaik/codeql-exploration/sample-code/main.c:6:12:20:1
{ ... }	file:///home/aadityanaik/codeql-exploration/sample-code/main.c:17:5:17:16	9	ExprStmt	file:///home/aadityanaik/codeql-exploration/sample-code/main.c:6:12:20:1
{ ... }	file:///home/aadityanaik/codeql-exploration/sample-code/main.c:19:5:19:13	10	return ...	file:///home/aadityanaik/codeql-exploration/sample-code/main.c:6:12:20:1
if (...) ... 	file:///home/aadityanaik/codeql-exploration/sample-code/good_casts.h:24:19:26:5	1	{ ... }	file:///home/aadityanaik/codeql-exploration/sample-code/good_casts.h:24:5:26:5
for(...;...;...) ...	file:///home/aadityanaik/codeql-exploration/sample-code/bad_casts.h:23:30:25:5	3	{ ... }	file:///home/aadityanaik/codeql-exploration/sample-code/bad_casts.h:23:5:25:5
for(...;...;...) ...	file:///home/aadityanaik/codeql-exploration/sample-code/bad_casts.h:23:9:23:14	0	ExprStmt	file:///home/aadityanaik/codeql-exploration/sample-code/bad_casts.h:23:5:25:5
declaration of 1st parameter	file:///usr/include/x86_64-linux-gnu/bits/libio.h:472:35:472:42	0	declaration of _IO_free_backup_area	file:///usr/include/x86_64-linux-gnu/bits/libio.h:472:13:472:32
declaration of 1st parameter	file:///usr/include/x86_64-linux-gnu/bits/libio.h:470:33:470:40	0	declaration of _IO_seekpos	file:///usr/include/x86_64-linux-gnu/bits/libio.h:470:20:470:30
declaration of 1st parameter	file:///usr/include/x86_64-linux-gnu/bits/libio.h:469:33:469:40	0	declaration of _IO_seekoff	file:///usr/include/x86_64-linux-gnu/bits/libio.h:469:20:469:30
declaration of 1st parameter	file:///usr/include/x86_64-linux-gnu/bits/libio.h:467:30:467:37	0	declaration of _IO_sgetn	file:///usr/include/x86_64-linux-gnu/bits/libio.h:467:19:467:27
declaration of 1st parameter	file:///usr/include/x86_64-linux-gnu/bits/libio.h:466:30:466:37	0	declaration of _IO_padn	file:///usr/include/x86_64-linux-gnu/bits/libio.h:466:20:466:27
declaration of 1st parameter	file:///usr/include/x86_64-linux-gnu/bits/libio.h:464:26:464:33	0	declaration of _IO_vfprintf	file:///usr/include/x86_64-linux-gnu/bits/libio.h:464:12:464:23
declaration of 1st parameter	file:///usr/include/x86_64-linux-gnu/bits/libio.h:462:25:462:32	0	declaration of _IO_vfscanf	file:///usr/include/x86_64-linux-gnu/bits/libio.h:462:12:462:22
declaration of 1st parameter	file:///usr/include/x86_64-linux-gnu/bits/libio.h:446:30:446:37	0	declaration of _IO_ftrylockfile	file:///usr/include/x86_64-linux-gnu/bits/libio.h:446:12:446:27
declaration of 1st parameter	file:///usr/include/x86_64-linux-gnu/bits/libio.h:445:30:445:37	0	declaration of _IO_funlockfile	file:///usr/include/x86_64-linux-gnu/bits/libio.h:445:13:445:27
declaration of 1st parameter	file:///usr/include/x86_64-linux-gnu/bits/libio.h:444:28:444:35	0	declaration of _IO_flockfile	file:///usr/include/x86_64-linux-gnu/bits/libio.h:444:13:444:25
declaration of 1st parameter	file:///usr/include/x86_64-linux-gnu/bits/libio.h:391:24:391:31	0	declaration of __overflow	file:///usr/include/x86_64-linux-gnu/bits/libio.h:391:12:391:21
declaration of 1st parameter	file:///usr/include/x86_64-linux-gnu/bits/libio.h:390:21:390:28	0	declaration of __uflow	file:///usr/include/x86_64-linux-gnu/bits/libio.h:390:12:390:18
declaration of 1st parameter	file:///usr/include/x86_64-linux-gnu/bits/libio.h:389:25:389:32	0	declaration of __underflow	file:///usr/include/x86_64-linux-gnu/bits/libio.h:389:12:389:22
declaration of 2nd parameter	file:///usr/include/x86_64-linux-gnu/bits/libio.h:470:45:470:55	1	declaration of _IO_seekpos	file:///usr/include/x86_64-linux-gnu/bits/libio.h:470:20:470:30
declaration of 2nd parameter	file:///usr/include/x86_64-linux-gnu/bits/libio.h:469:45:469:55	1	declaration of _IO_seekoff	file:///usr/include/x86_64-linux-gnu/bits/libio.h:469:20:469:30
declaration of 2nd parameter	file:///usr/include/x86_64-linux-gnu/bits/libio.h:467:42:467:45	1	declaration of _IO_sgetn	file:///usr/include/x86_64-linux-gnu/bits/libio.h:467:19:467:27
declaration of 2nd parameter	file:///usr/include/x86_64-linux-gnu/bits/libio.h:466:42:466:44	1	declaration of _IO_padn	file:///usr/include/x86_64-linux-gnu/bits/libio.h:466:20:466:27
declaration of 2nd parameter	file:///usr/include/x86_64-linux-gnu/bits/libio.h:464:48:464:57	1	declaration of _IO_vfprintf	file:///usr/include/x86_64-linux-gnu/bits/libio.h:464:12:464:23
declaration of 2nd parameter	file:///usr/include/x86_64-linux-gnu/bits/libio.h:462:48:462:57	1	declaration of _IO_vfscanf	file:///usr/include/x86_64-linux-gnu/bits/libio.h:462:12:462:22
declaration of 2nd parameter	file:///usr/include/x86_64-linux-gnu/bits/libio.h:391:36:391:38	1	declaration of __overflow	file:///usr/include/x86_64-linux-gnu/bits/libio.h:391:12:391:21
declaration of 3rd parameter	file:///usr/include/x86_64-linux-gnu/bits/libio.h:470:58:470:60	2	declaration of _IO_seekpos	file:///usr/include/x86_64-linux-gnu/bits/libio.h:470:20:470:30
declaration of 3rd parameter	file:///usr/include/x86_64-linux-gnu/bits/libio.h:469:58:469:60	2	declaration of _IO_seekoff	file:///usr/include/x86_64-linux-gnu/bits/libio.h:469:20:469:30
declaration of 3rd parameter	file:///usr/include/x86_64-linux-gnu/bits/libio.h:467:50:467:59	2	declaration of _IO_sgetn	file:///usr/include/x86_64-linux-gnu/bits/libio.h:467:19:467:27
declaration of 3rd parameter	file:///usr/include/x86_64-linux-gnu/bits/libio.h:466:47:466:57	2	declaration of _IO_padn	file:///usr/include/x86_64-linux-gnu/bits/libio.h:466:20:466:27
declaration of 3rd parameter	file:///usr/include/x86_64-linux-gnu/bits/libio.h:465:5:465:15	2	declaration of _IO_vfprintf	file:///usr/include/x86_64-linux-gnu/bits/libio.h:464:12:464:23
declaration of 3rd parameter	file:///usr/include/x86_64-linux-gnu/bits/libio.h:463:4:463:14	2	declaration of _IO_vfscanf	file:///usr/include/x86_64-linux-gnu/bits/libio.h:462:12:462:22
declaration of 4th parameter	file:///usr/include/x86_64-linux-gnu/bits/libio.h:469:63:469:65	3	declaration of _IO_seekoff	file:///usr/include/x86_64-linux-gnu/bits/libio.h:469:20:469:30
declaration of 4th parameter	file:///usr/include/x86_64-linux-gnu/bits/libio.h:463:17:463:19	3	declaration of _IO_vfscanf	file:///usr/include/x86_64-linux-gnu/bits/libio.h:462:12:462:22
declaration of __fp	file:///usr/include/x86_64-linux-gnu/bits/libio.h:438:40:438:43	0	declaration of _IO_peekc_locked	file:///usr/include/x86_64-linux-gnu/bits/libio.h:438:12:438:27
declaration of __fp	file:///usr/include/x86_64-linux-gnu/bits/libio.h:436:34:436:37	0	declaration of _IO_ferror	file:///usr/include/x86_64-linux-gnu/bits/libio.h:436:12:436:21
declaration of __fp	file:///usr/include/x86_64-linux-gnu/bits/libio.h:435:32:435:35	0	declaration of _IO_feof	file:///usr/include/x86_64-linux-gnu/bits/libio.h:435:12:435:19
declaration of __fp	file:///usr/include/x86_64-linux-gnu/bits/libio.h:434:41:434:44	1	declaration of _IO_putc	file:///usr/include/x86_64-linux-gnu/bits/libio.h:434:12:434:19
declaration of __fp	file:///usr/include/x86_64-linux-gnu/bits/libio.h:433:32:433:35	0	declaration of _IO_getc	file:///usr/include/x86_64-linux-gnu/bits/libio.h:433:12:433:19
declaration of __c	file:///usr/include/x86_64-linux-gnu/bits/libio.h:434:26:434:28	0	declaration of _IO_putc	file:///usr/include/x86_64-linux-gnu/bits/libio.h:434:12:434:19
declaration of __c	file:///usr/include/stdio.h:639:24:639:26	0	declaration of ungetc	file:///usr/include/stdio.h:639:12:639:17
declaration of __c	file:///usr/include/stdio.h:546:34:546:36	0	declaration of putchar_unlocked	file:///usr/include/stdio.h:546:12:546:27
declaration of __c	file:///usr/include/stdio.h:545:31:545:33	0	declaration of putc_unlocked	file:///usr/include/stdio.h:545:12:545:24
declaration of __c	file:///usr/include/stdio.h:537:32:537:34	0	declaration of fputc_unlocked	file:///usr/include/stdio.h:537:12:537:25
declaration of __c	file:///usr/include/stdio.h:524:25:524:27	0	declaration of putchar	file:///usr/include/stdio.h:524:12:524:18
declaration of __c	file:///usr/include/stdio.h:518:22:518:24	0	declaration of putc	file:///usr/include/stdio.h:518:12:518:15
declaration of __c	file:///usr/include/stdio.h:517:23:517:25	0	declaration of fputc	file:///usr/include/stdio.h:517:12:517:16
declaration of __stream	file:///usr/include/stdio.h:847:32:847:39	0	declaration of funlockfile	file:///usr/include/stdio.h:847:13:847:23
declaration of __stream	file:///usr/include/stdio.h:844:32:844:39	0	declaration of ftrylockfile	file:///usr/include/stdio.h:844:12:844:23
declaration of __stream	file:///usr/include/stdio.h:840:30:840:37	0	declaration of flockfile	file:///usr/include/stdio.h:840:13:840:21
declaration of __stream	file:///usr/include/stdio.h:806:26:806:33	0	declaration of pclose	file:///usr/include/stdio.h:806:12:806:17
declaration of __stream	file:///usr/include/stdio.h:791:35:791:42	0	declaration of fileno_unlocked	file:///usr/include/stdio.h:791:12:791:26
declaration of __stream	file:///usr/include/stdio.h:786:26:786:33	0	declaration of fileno	file:///usr/include/stdio.h:786:12:786:17
declaration of __stream	file:///usr/include/stdio.h:767:35:767:42	0	declaration of ferror_unlocked	file:///usr/include/stdio.h:767:12:767:26
declaration of __stream	file:///usr/include/stdio.h:766:33:766:40	0	declaration of feof_unlocked	file:///usr/include/stdio.h:766:12:766:24
declaration of __stream	file:///usr/include/stdio.h:765:38:765:45	0	declaration of clearerr_unlocked	file:///usr/include/stdio.h:765:13:765:29
declaration of __stream	file:///usr/include/stdio.h:761:26:761:33	0	declaration of ferror	file:///usr/include/stdio.h:761:12:761:17
declaration of __stream	file:///usr/include/stdio.h:759:24:759:31	0	declaration of feof	file:///usr/include/stdio.h:759:12:759:15
declaration of __stream	file:///usr/include/stdio.h:757:29:757:36	0	declaration of clearerr	file:///usr/include/stdio.h:757:13:757:20
declaration of __stream	file:///usr/include/stdio.h:736:27:736:34	0	declaration of fsetpos	file:///usr/include/stdio.h:736:12:736:18
declaration of __stream	file:///usr/include/stdio.h:731:38:731:45	0	declaration of fgetpos	file:///usr/include/stdio.h:731:12:731:18
declaration of __stream	file:///usr/include/stdio.h:712:30:712:37	0	declaration of ftello	file:///usr/include/stdio.h:712:16:712:21
declaration of __stream	file:///usr/include/stdio.h:707:26:707:33	0	declaration of fseeko	file:///usr/include/stdio.h:707:12:707:17
declaration of __stream	file:///usr/include/stdio.h:694:27:694:34	0	declaration of rewind	file:///usr/include/stdio.h:694:13:694:18
declaration of __stream	file:///usr/include/stdio.h:689:30:689:37	0	declaration of ftell	file:///usr/include/stdio.h:689:17:689:21
declaration of __stream	file:///usr/include/stdio.h:684:25:684:32	0	declaration of fseek	file:///usr/include/stdio.h:684:12:684:16
declaration of __stream	file:///usr/include/stdio.h:676:40:676:47	3	declaration of fwrite_unlocked	file:///usr/include/stdio.h:675:15:675:29
declaration of __stream	file:///usr/include/stdio.h:674:39:674:46	3	declaration of fread_unlocked	file:///usr/include/stdio.h:673:15:673:28
declaration of __stream	file:///usr/include/stdio.h:647:37:647:44	3	declaration of fread	file:///usr/include/stdio.h:646:15:646:19
declaration of __stream	file:///usr/include/stdio.h:639:35:639:42	1	declaration of ungetc	file:///usr/include/stdio.h:639:12:639:17
declaration of __stream	file:///usr/include/stdio.h:626:64:626:71	1	declaration of fputs	file:///usr/include/stdio.h:626:12:626:16
declaration of __stream	file:///usr/include/stdio.h:618:25:618:32	2	declaration of getline	file:///usr/include/stdio.h:616:20:616:26
declaration of __stream	file:///usr/include/stdio.h:608:26:608:33	3	declaration of getdelim	file:///usr/include/stdio.h:606:20:606:27
declaration of __stream	file:///usr/include/stdio.h:605:28:605:35	3	declaration of __getdelim	file:///usr/include/stdio.h:603:20:603:29
declaration of __stream	file:///usr/include/stdio.h:564:69:564:76	2	declaration of fgets	file:///usr/include/stdio.h:564:14:564:18
declaration of __stream	file:///usr/include/stdio.h:556:33:556:40	1	declaration of putw	file:///usr/include/stdio.h:556:12:556:15
declaration of __stream	file:///usr/include/stdio.h:553:24:553:31	0	declaration of getw	file:///usr/include/stdio.h:553:12:553:15
declaration of __stream	file:///usr/include/stdio.h:545:42:545:49	1	declaration of putc_unlocked	file:///usr/include/stdio.h:545:12:545:24
declaration of __stream	file:///usr/include/stdio.h:537:43:537:50	1	declaration of fputc_unlocked	file:///usr/include/stdio.h:537:12:537:25
declaration of __stream	file:///usr/include/stdio.h:518:33:518:40	1	declaration of putc	file:///usr/include/stdio.h:518:12:518:15
declaration of __stream	file:///usr/include/stdio.h:517:34:517:41	1	declaration of fputc	file:///usr/include/stdio.h:517:12:517:16
declaration of __stream	file:///usr/include/stdio.h:506:34:506:41	0	declaration of fgetc_unlocked	file:///usr/include/stdio.h:506:12:506:25
declaration of __stream	file:///usr/include/stdio.h:495:33:495:40	0	declaration of getc_unlocked	file:///usr/include/stdio.h:495:12:495:24
declaration of __stream	file:///usr/include/stdio.h:478:24:478:31	0	declaration of getc	file:///usr/include/stdio.h:478:12:478:15
declaration of __stream	file:///usr/include/stdio.h:477:25:477:32	0	declaration of fgetc	file:///usr/include/stdio.h:477:12:477:16
declaration of __stream	file:///usr/include/stdio.h:395:50:395:57	0	declaration of fscanf	file:///usr/include/stdio.h:395:24:395:29
declaration of __stream	file:///usr/include/stdio.h:377:37:377:44	0	declaration of fscanf	file:///usr/include/stdio.h:377:12:377:17
declaration of __stream	file:///usr/include/stdio.h:312:38:312:45	0	declaration of fprintf	file:///usr/include/stdio.h:312:12:312:18
declaration of __stream	file:///usr/include/stdio.h:304:31:304:38	0	declaration of setlinebuf	file:///usr/include/stdio.h:304:13:304:22
declaration of __stream	file:///usr/include/stdio.h:300:41:300:48	0	declaration of setbuffer	file:///usr/include/stdio.h:300:13:300:21
declaration of __stream	file:///usr/include/stdio.h:294:38:294:45	0	declaration of setvbuf	file:///usr/include/stdio.h:294:12:294:18
declaration of __stream	file:///usr/include/stdio.h:290:38:290:45	0	declaration of setbuf	file:///usr/include/stdio.h:290:13:290:18
declaration of __stream	file:///usr/include/stdio.h:240:26:240:33	2	declaration of freopen	file:///usr/include/stdio.h:238:14:238:20
declaration of __stream	file:///usr/include/stdio.h:213:35:213:42	0	declaration of fflush_unlocked	file:///usr/include/stdio.h:213:12:213:26
declaration of __stream	file:///usr/include/stdio.h:204:26:204:33	0	declaration of fflush	file:///usr/include/stdio.h:204:12:204:17
declaration of __stream	file:///usr/include/stdio.h:199:26:199:33	0	declaration of fclose	file:///usr/include/stdio.h:199:12:199:17
declaration of __s	file:///usr/include/stdio.h:812:29:812:31	0	declaration of ctermid	file:///usr/include/stdio.h:812:14:812:20
declaration of __s	file:///usr/include/stdio.h:775:33:775:35	0	declaration of perror	file:///usr/include/stdio.h:775:13:775:18
declaration of __s	file:///usr/include/stdio.h:653:38:653:40	3	declaration of fwrite	file:///usr/include/stdio.h:652:15:652:20
declaration of __s	file:///usr/include/stdio.h:632:30:632:32	0	declaration of puts	file:///usr/include/stdio.h:632:12:632:15
declaration of __s	file:///usr/include/stdio.h:626:42:626:44	0	declaration of fputs	file:///usr/include/stdio.h:626:12:626:16
declaration of __s	file:///usr/include/stdio.h:564:38:564:40	0	declaration of fgets	file:///usr/include/stdio.h:564:14:564:18
declaration of __s	file:///usr/include/stdio.h:452:31:452:33	0	declaration of vsscanf	file:///usr/include/stdio.h:451:28:451:34
declaration of __s	file:///usr/include/stdio.h:444:28:444:30	0	declaration of vfscanf	file:///usr/include/stdio.h:443:24:443:30
declaration of __s	file:///usr/include/stdio.h:432:44:432:46	0	declaration of vsscanf	file:///usr/include/stdio.h:432:12:432:18
declaration of __s	file:///usr/include/stdio.h:420:38:420:40	0	declaration of vfscanf	file:///usr/include/stdio.h:420:12:420:18
declaration of __s	file:///usr/include/stdio.h:400:60:400:62	0	declaration of sscanf	file:///usr/include/stdio.h:400:28:400:33
declaration of __s	file:///usr/include/stdio.h:385:43:385:45	0	declaration of sscanf	file:///usr/include/stdio.h:385:12:385:17
declaration of __s	file:///usr/include/stdio.h:344:40:344:42	0	declaration of vsnprintf	file:///usr/include/stdio.h:344:12:344:20
declaration of __s	file:///usr/include/stdio.h:340:39:340:41	0	declaration of snprintf	file:///usr/include/stdio.h:340:12:340:19
declaration of __s	file:///usr/include/stdio.h:335:39:335:41	0	declaration of vsprintf	file:///usr/include/stdio.h:335:12:335:19
declaration of __s	file:///usr/include/stdio.h:327:39:327:41	0	declaration of vfprintf	file:///usr/include/stdio.h:327:12:327:19
declaration of __s	file:///usr/include/stdio.h:320:38:320:40	0	declaration of sprintf	file:///usr/include/stdio.h:320:12:320:18
declaration of __s	file:///usr/include/stdio.h:278:30:278:32	0	declaration of fmemopen	file:///usr/include/stdio.h:278:14:278:21
declaration of __s	file:///usr/include/stdio.h:178:30:178:32	0	declaration of tmpnam_r	file:///usr/include/stdio.h:178:14:178:21
declaration of __s	file:///usr/include/stdio.h:173:28:173:30	0	declaration of tmpnam	file:///usr/include/stdio.h:173:14:173:19
declaration of __s	file:///usr/include/stdlib.h:933:42:933:44	0	declaration of wcstombs	file:///usr/include/stdlib.h:933:15:933:22
declaration of __s	file:///usr/include/stdlib.h:931:27:931:29	1	declaration of mbstowcs	file:///usr/include/stdlib.h:930:15:930:22
declaration of __s	file:///usr/include/stdlib.h:926:26:926:28	0	declaration of wctomb	file:///usr/include/stdlib.h:926:12:926:17
declaration of __s	file:///usr/include/stdlib.h:923:29:923:31	1	declaration of mbtowc	file:///usr/include/stdlib.h:922:12:922:17
declaration of __s	file:///usr/include/stdlib.h:919:31:919:33	0	declaration of mblen	file:///usr/include/stdlib.h:919:12:919:16
declaration of __s	file:///usr/include/stdlib.h:388:35:388:37	0	declaration of a64l	file:///usr/include/stdlib.h:388:17:388:20
declaration of __command	file:///usr/include/stdio.h:800:33:800:41	0	declaration of popen	file:///usr/include/stdio.h:800:14:800:18
declaration of __command	file:///usr/include/stdlib.h:781:32:781:40	0	declaration of system	file:///usr/include/stdlib.h:781:12:781:17
declaration of __modes	file:///usr/include/stdio.h:800:56:800:62	1	declaration of popen	file:///usr/include/stdio.h:800:14:800:18
declaration of __modes	file:///usr/include/stdio.h:295:11:295:17	2	declaration of setvbuf	file:///usr/include/stdio.h:294:12:294:18
declaration of __modes	file:///usr/include/stdio.h:278:61:278:67	2	declaration of fmemopen	file:///usr/include/stdio.h:278:14:278:21
declaration of __modes	file:///usr/include/stdio.h:265:44:265:50	1	declaration of fdopen	file:///usr/include/stdio.h:265:14:265:19
declaration of __modes	file:///usr/include/stdio.h:239:32:239:38	1	declaration of freopen	file:///usr/include/stdio.h:238:14:238:20
declaration of __modes	file:///usr/include/stdio.h:233:30:233:36	1	declaration of fopen	file:///usr/include/stdio.h:232:14:232:18
declaration of __pos	file:///usr/include/stdio.h:736:51:736:55	1	declaration of fsetpos	file:///usr/include/stdio.h:736:12:736:18
declaration of __pos	file:///usr/include/stdio.h:731:67:731:71	1	declaration of fgetpos	file:///usr/include/stdio.h:731:12:731:18
declaration of __off	file:///usr/include/stdio.h:707:44:707:48	1	declaration of fseeko	file:///usr/include/stdio.h:707:12:707:17
declaration of __off	file:///usr/include/stdio.h:684:44:684:48	1	declaration of fseek	file:///usr/include/stdio.h:684:12:684:16
declaration of __whence	file:///usr/include/stdio.h:707:55:707:62	2	declaration of fseeko	file:///usr/include/stdio.h:707:12:707:17
declaration of __whence	file:///usr/include/stdio.h:684:55:684:62	2	declaration of fseek	file:///usr/include/stdio.h:684:12:684:16
declaration of __ptr	file:///usr/include/stdio.h:675:55:675:59	0	declaration of fwrite_unlocked	file:///usr/include/stdio.h:675:15:675:29
declaration of __ptr	file:///usr/include/stdio.h:673:48:673:52	0	declaration of fread_unlocked	file:///usr/include/stdio.h:673:15:673:28
declaration of __ptr	file:///usr/include/stdio.h:652:46:652:50	0	declaration of fwrite	file:///usr/include/stdio.h:652:15:652:20
declaration of __ptr	file:///usr/include/stdio.h:646:39:646:43	0	declaration of fread	file:///usr/include/stdio.h:646:15:646:19
declaration of __ptr	file:///usr/include/stdlib.h:563:25:563:29	0	declaration of free	file:///usr/include/stdlib.h:563:13:563:16
declaration of __ptr	file:///usr/include/stdlib.h:549:29:549:33	0	declaration of realloc	file:///usr/include/stdlib.h:549:14:549:20
declaration of __size	file:///usr/include/stdio.h:675:69:675:74	1	declaration of fwrite_unlocked	file:///usr/include/stdio.h:675:15:675:29
declaration of __size	file:///usr/include/stdio.h:673:62:673:67	1	declaration of fread_unlocked	file:///usr/include/stdio.h:673:15:673:28
declaration of __size	file:///usr/include/stdio.h:652:60:652:65	1	declaration of fwrite	file:///usr/include/stdio.h:652:15:652:20
declaration of __size	file:///usr/include/stdio.h:646:53:646:58	1	declaration of fread	file:///usr/include/stdio.h:646:15:646:19
declaration of __size	file:///usr/include/stdio.h:301:17:301:22	2	declaration of setbuffer	file:///usr/include/stdio.h:300:13:300:21
declaration of __size	file:///usr/include/alloca.h:32:29:32:34	0	declaration of alloca	file:///usr/include/alloca.h:32:14:32:19
declaration of __size	file:///usr/include/stdlib.h:827:57:827:62	2	declaration of qsort	file:///usr/include/stdlib.h:827:13:827:17
declaration of __size	file:///usr/include/stdlib.h:818:32:818:37	3	declaration of bsearch	file:///usr/include/stdlib.h:817:14:817:20
declaration of __size	file:///usr/include/stdlib.h:583:56:583:61	1	declaration of aligned_alloc	file:///usr/include/stdlib.h:583:14:583:26
declaration of __size	file:///usr/include/stdlib.h:577:72:577:77	2	declaration of posix_memalign	file:///usr/include/stdlib.h:577:12:577:25
declaration of __size	file:///usr/include/stdlib.h:572:29:572:34	0	declaration of valloc	file:///usr/include/stdlib.h:572:14:572:19
declaration of __size	file:///usr/include/stdlib.h:549:43:549:48	1	declaration of realloc	file:///usr/include/stdlib.h:549:14:549:20
declaration of __size	file:///usr/include/stdlib.h:541:45:541:50	1	declaration of calloc	file:///usr/include/stdlib.h:541:14:541:19
declaration of __size	file:///usr/include/stdlib.h:539:29:539:34	0	declaration of malloc	file:///usr/include/stdlib.h:539:14:539:19
declaration of __n	file:///usr/include/stdio.h:676:18:676:20	2	declaration of fwrite_unlocked	file:///usr/include/stdio.h:675:15:675:29
declaration of __n	file:///usr/include/stdio.h:674:17:674:19	2	declaration of fread_unlocked	file:///usr/include/stdio.h:673:15:673:28
declaration of __n	file:///usr/include/stdio.h:653:16:653:18	2	declaration of fwrite	file:///usr/include/stdio.h:652:15:652:20
declaration of __n	file:///usr/include/stdio.h:647:15:647:17	2	declaration of fread	file:///usr/include/stdio.h:646:15:646:19
declaration of __n	file:///usr/include/stdio.h:617:27:617:29	1	declaration of getline	file:///usr/include/stdio.h:616:20:616:26
declaration of __n	file:///usr/include/stdio.h:607:28:607:30	1	declaration of getdelim	file:///usr/include/stdio.h:606:20:606:27
declaration of __n	file:///usr/include/stdio.h:604:30:604:32	1	declaration of __getdelim	file:///usr/include/stdio.h:603:20:603:29
declaration of __n	file:///usr/include/stdio.h:564:47:564:49	1	declaration of fgets	file:///usr/include/stdio.h:564:14:564:18
declaration of __n	file:///usr/include/stdio.h:295:27:295:29	3	declaration of setvbuf	file:///usr/include/stdio.h:294:12:294:18
declaration of __n	file:///usr/include/stdlib.h:934:45:934:47	2	declaration of wcstombs	file:///usr/include/stdlib.h:933:15:933:22
declaration of __n	file:///usr/include/stdlib.h:931:39:931:41	2	declaration of mbstowcs	file:///usr/include/stdlib.h:930:15:930:22
declaration of __n	file:///usr/include/stdlib.h:923:41:923:43	2	declaration of mbtowc	file:///usr/include/stdlib.h:922:12:922:17
declaration of __n	file:///usr/include/stdlib.h:919:43:919:45	1	declaration of mblen	file:///usr/include/stdlib.h:919:12:919:16
declaration of __n	file:///usr/include/stdlib.h:385:29:385:31	0	declaration of l64a	file:///usr/include/stdlib.h:385:14:385:17
declaration of __lineptr	file:///usr/include/stdio.h:616:47:616:55	0	declaration of getline	file:///usr/include/stdio.h:616:20:616:26
declaration of __lineptr	file:///usr/include/stdio.h:606:48:606:56	0	declaration of getdelim	file:///usr/include/stdio.h:606:20:606:27
declaration of __lineptr	file:///usr/include/stdio.h:603:50:603:58	0	declaration of __getdelim	file:///usr/include/stdio.h:603:20:603:29
declaration of __delimiter	file:///usr/include/stdio.h:607:37:607:47	2	declaration of getdelim	file:///usr/include/stdio.h:606:20:606:27
declaration of __delimiter	file:///usr/include/stdio.h:604:39:604:49	2	declaration of __getdelim	file:///usr/include/stdio.h:603:20:603:29
declaration of __w	file:///usr/include/stdio.h:556:22:556:24	0	declaration of putw	file:///usr/include/stdio.h:556:12:556:15
declaration of __format	file:///usr/include/stdio.h:453:31:453:38	1	declaration of vsscanf	file:///usr/include/stdio.h:451:28:451:34
declaration of __format	file:///usr/include/stdio.h:448:56:448:63	0	declaration of vscanf	file:///usr/include/stdio.h:448:24:448:29
declaration of __format	file:///usr/include/stdio.h:445:27:445:34	1	declaration of vfscanf	file:///usr/include/stdio.h:443:24:443:30
declaration of __format	file:///usr/include/stdio.h:433:30:433:37	1	declaration of vsscanf	file:///usr/include/stdio.h:432:12:432:18
declaration of __format	file:///usr/include/stdio.h:428:43:428:50	0	declaration of vscanf	file:///usr/include/stdio.h:428:12:428:17
declaration of __format	file:///usr/include/stdio.h:420:66:420:73	1	declaration of vfscanf	file:///usr/include/stdio.h:420:12:420:18
declaration of __format	file:///usr/include/stdio.h:401:32:401:39	1	declaration of sscanf	file:///usr/include/stdio.h:400:28:400:33
declaration of __format	file:///usr/include/stdio.h:398:55:398:62	0	declaration of scanf	file:///usr/include/stdio.h:398:24:398:28
declaration of __format	file:///usr/include/stdio.h:396:28:396:35	1	declaration of fscanf	file:///usr/include/stdio.h:395:24:395:29
declaration of __format	file:///usr/include/stdio.h:386:29:386:36	1	declaration of sscanf	file:///usr/include/stdio.h:385:12:385:17
declaration of __format	file:///usr/include/stdio.h:383:42:383:49	0	declaration of scanf	file:///usr/include/stdio.h:383:12:383:16
declaration of __format	file:///usr/include/stdio.h:378:29:378:36	1	declaration of fscanf	file:///usr/include/stdio.h:377:12:377:17
declaration of __format	file:///usr/include/stdio.h:345:32:345:39	2	declaration of vsnprintf	file:///usr/include/stdio.h:344:12:344:20
declaration of __format	file:///usr/include/stdio.h:341:31:341:38	2	declaration of snprintf	file:///usr/include/stdio.h:340:12:340:19
declaration of __format	file:///usr/include/stdio.h:335:67:335:74	1	declaration of vsprintf	file:///usr/include/stdio.h:335:12:335:19
declaration of __format	file:///usr/include/stdio.h:333:44:333:51	0	declaration of vprintf	file:///usr/include/stdio.h:333:12:333:18
declaration of __format	file:///usr/include/stdio.h:327:67:327:74	1	declaration of vfprintf	file:///usr/include/stdio.h:327:12:327:19
declaration of __format	file:///usr/include/stdio.h:321:30:321:37	1	declaration of sprintf	file:///usr/include/stdio.h:320:12:320:18
declaration of __format	file:///usr/include/stdio.h:318:43:318:50	0	declaration of printf	file:///usr/include/stdio.h:318:12:318:17
declaration of __format	file:///usr/include/stdio.h:313:30:313:37	1	declaration of fprintf	file:///usr/include/stdio.h:312:12:312:18
declaration of __arg	file:///usr/include/stdio.h:454:19:454:23	2	declaration of vsscanf	file:///usr/include/stdio.h:451:28:451:34
declaration of __arg	file:///usr/include/stdio.h:449:16:449:20	1	declaration of vscanf	file:///usr/include/stdio.h:448:24:448:29
declaration of __arg	file:///usr/include/stdio.h:445:48:445:52	2	declaration of vfscanf	file:///usr/include/stdio.h:443:24:443:30
declaration of __arg	file:///usr/include/stdio.h:433:51:433:55	2	declaration of vsscanf	file:///usr/include/stdio.h:432:12:432:18
declaration of __arg	file:///usr/include/stdio.h:428:64:428:68	1	declaration of vscanf	file:///usr/include/stdio.h:428:12:428:17
declaration of __arg	file:///usr/include/stdio.h:421:18:421:22	2	declaration of vfscanf	file:///usr/include/stdio.h:420:12:420:18
declaration of __arg	file:///usr/include/stdio.h:366:19:366:23	2	declaration of vdprintf	file:///usr/include/stdio.h:365:12:365:19
declaration of __arg	file:///usr/include/stdio.h:345:53:345:57	3	declaration of vsnprintf	file:///usr/include/stdio.h:344:12:344:20
declaration of __arg	file:///usr/include/stdio.h:336:19:336:23	2	declaration of vsprintf	file:///usr/include/stdio.h:335:12:335:19
declaration of __arg	file:///usr/include/stdio.h:333:65:333:69	1	declaration of vprintf	file:///usr/include/stdio.h:333:12:333:18
declaration of __arg	file:///usr/include/stdio.h:328:19:328:23	2	declaration of vfprintf	file:///usr/include/stdio.h:327:12:327:19
declaration of __arg	file:///usr/include/stdlib.h:607:71:607:75	1	declaration of on_exit	file:///usr/include/stdlib.h:607:12:607:18
declaration of __fd	file:///usr/include/stdio.h:368:25:368:28	0	declaration of dprintf	file:///usr/include/stdio.h:368:12:368:18
declaration of __fd	file:///usr/include/stdio.h:365:26:365:29	0	declaration of vdprintf	file:///usr/include/stdio.h:365:12:365:19
declaration of __fd	file:///usr/include/stdio.h:265:26:265:29	0	declaration of fdopen	file:///usr/include/stdio.h:265:14:265:19
declaration of __fmt	file:///usr/include/stdio.h:368:54:368:58	1	declaration of dprintf	file:///usr/include/stdio.h:368:12:368:18
declaration of __fmt	file:///usr/include/stdio.h:365:55:365:59	1	declaration of vdprintf	file:///usr/include/stdio.h:365:12:365:19
declaration of __maxlen	file:///usr/include/stdio.h:344:52:344:59	1	declaration of vsnprintf	file:///usr/include/stdio.h:344:12:344:20
declaration of __maxlen	file:///usr/include/stdio.h:340:51:340:58	1	declaration of snprintf	file:///usr/include/stdio.h:340:12:340:19
declaration of __buf	file:///usr/include/stdio.h:300:68:300:72	1	declaration of setbuffer	file:///usr/include/stdio.h:300:13:300:21
declaration of __buf	file:///usr/include/stdio.h:294:65:294:69	1	declaration of setvbuf	file:///usr/include/stdio.h:294:12:294:18
declaration of __buf	file:///usr/include/stdio.h:290:65:290:69	1	declaration of setbuf	file:///usr/include/stdio.h:290:13:290:18
declaration of __buf	file:///usr/include/stdlib.h:912:24:912:28	4	declaration of qfcvt_r	file:///usr/include/stdlib.h:910:12:910:18
declaration of __buf	file:///usr/include/stdlib.h:908:24:908:28	4	declaration of qecvt_r	file:///usr/include/stdlib.h:906:12:906:18
declaration of __buf	file:///usr/include/stdlib.h:903:47:903:51	4	declaration of fcvt_r	file:///usr/include/stdlib.h:902:12:902:17
declaration of __buf	file:///usr/include/stdlib.h:900:47:900:51	4	declaration of ecvt_r	file:///usr/include/stdlib.h:899:12:899:17
declaration of __buf	file:///usr/include/stdlib.h:893:62:893:66	2	declaration of qgcvt	file:///usr/include/stdlib.h:893:14:893:18
declaration of __buf	file:///usr/include/stdlib.h:881:56:881:60	2	declaration of gcvt	file:///usr/include/stdlib.h:881:14:881:17
declaration of __buf	file:///usr/include/stdlib.h:446:41:446:45	1	declaration of setstate_r	file:///usr/include/stdlib.h:445:12:445:21
declaration of __buf	file:///usr/include/stdlib.h:442:35:442:39	3	declaration of initstate_r	file:///usr/include/stdlib.h:440:12:440:22
declaration of __buf	file:///usr/include/stdlib.h:437:64:437:68	1	declaration of srandom_r	file:///usr/include/stdlib.h:437:12:437:20
declaration of __buf	file:///usr/include/stdlib.h:434:53:434:57	0	declaration of random_r	file:///usr/include/stdlib.h:434:12:434:19
declaration of __bufloc	file:///usr/include/stdio.h:284:37:284:44	0	declaration of open_memstream	file:///usr/include/stdio.h:284:14:284:27
declaration of __sizeloc	file:///usr/include/stdio.h:284:55:284:63	1	declaration of open_memstream	file:///usr/include/stdio.h:284:14:284:27
declaration of __len	file:///usr/include/stdio.h:278:42:278:46	1	declaration of fmemopen	file:///usr/include/stdio.h:278:14:278:21
declaration of __len	file:///usr/include/stdlib.h:912:38:912:42	5	declaration of qfcvt_r	file:///usr/include/stdlib.h:910:12:910:18
declaration of __len	file:///usr/include/stdlib.h:908:38:908:42	5	declaration of qecvt_r	file:///usr/include/stdlib.h:906:12:906:18
declaration of __len	file:///usr/include/stdlib.h:904:13:904:17	5	declaration of fcvt_r	file:///usr/include/stdlib.h:902:12:902:17
declaration of __len	file:///usr/include/stdlib.h:901:13:901:17	5	declaration of ecvt_r	file:///usr/include/stdlib.h:899:12:899:17
declaration of __filename	file:///usr/include/stdio.h:238:46:238:55	0	declaration of freopen	file:///usr/include/stdio.h:238:14:238:20
declaration of __filename	file:///usr/include/stdio.h:232:44:232:53	0	declaration of fopen	file:///usr/include/stdio.h:232:14:232:18
declaration of __filename	file:///usr/include/stdio.h:144:32:144:41	0	declaration of remove	file:///usr/include/stdio.h:144:12:144:17
declaration of __dir	file:///usr/include/stdio.h:190:35:190:39	0	declaration of tempnam	file:///usr/include/stdio.h:190:14:190:20
declaration of __pfx	file:///usr/include/stdio.h:190:54:190:58	1	declaration of tempnam	file:///usr/include/stdio.h:190:14:190:20
declaration of __oldfd	file:///usr/include/stdio.h:150:26:150:32	0	declaration of renameat	file:///usr/include/stdio.h:150:12:150:19
declaration of __old	file:///usr/include/stdio.h:150:47:150:51	1	declaration of renameat	file:///usr/include/stdio.h:150:12:150:19
declaration of __old	file:///usr/include/stdio.h:146:32:146:36	0	declaration of rename	file:///usr/include/stdio.h:146:12:146:17
declaration of __newfd	file:///usr/include/stdio.h:150:58:150:64	2	declaration of renameat	file:///usr/include/stdio.h:150:12:150:19
declaration of __new	file:///usr/include/stdio.h:151:20:151:24	3	declaration of renameat	file:///usr/include/stdio.h:150:12:150:19
declaration of __new	file:///usr/include/stdio.h:146:51:146:55	1	declaration of rename	file:///usr/include/stdio.h:146:12:146:17
definition of __bsx	file:///usr/include/x86_64-linux-gnu/bits/byteswap.h:109:24:109:28	0	definition of __bswap_64	file:///usr/include/x86_64-linux-gnu/bits/byteswap.h:109:1:109:10
definition of __bsx	file:///usr/include/x86_64-linux-gnu/bits/byteswap.h:45:26:45:30	0	definition of __bswap_32	file:///usr/include/x86_64-linux-gnu/bits/byteswap.h:45:1:45:10
definition of __x	file:///usr/include/x86_64-linux-gnu/bits/uintn-identity.h:45:31:45:33	0	definition of __uint64_identity	file:///usr/include/x86_64-linux-gnu/bits/uintn-identity.h:45:1:45:17
definition of __x	file:///usr/include/x86_64-linux-gnu/bits/uintn-identity.h:39:31:39:33	0	definition of __uint32_identity	file:///usr/include/x86_64-linux-gnu/bits/uintn-identity.h:39:1:39:17
definition of __x	file:///usr/include/x86_64-linux-gnu/bits/uintn-identity.h:33:31:33:33	0	definition of __uint16_identity	file:///usr/include/x86_64-linux-gnu/bits/uintn-identity.h:33:1:33:17
declaration of __nfds	file:///usr/include/x86_64-linux-gnu/sys/select.h:113:25:113:30	0	declaration of pselect	file:///usr/include/x86_64-linux-gnu/sys/select.h:113:12:113:18
declaration of __nfds	file:///usr/include/x86_64-linux-gnu/sys/select.h:101:24:101:29	0	declaration of select	file:///usr/include/x86_64-linux-gnu/sys/select.h:101:12:101:17
declaration of __readfds	file:///usr/include/x86_64-linux-gnu/sys/select.h:113:52:113:60	1	declaration of pselect	file:///usr/include/x86_64-linux-gnu/sys/select.h:113:12:113:18
declaration of __readfds	file:///usr/include/x86_64-linux-gnu/sys/select.h:101:51:101:59	1	declaration of select	file:///usr/include/x86_64-linux-gnu/sys/select.h:101:12:101:17
declaration of __writefds	file:///usr/include/x86_64-linux-gnu/sys/select.h:114:26:114:35	2	declaration of pselect	file:///usr/include/x86_64-linux-gnu/sys/select.h:113:12:113:18
declaration of __writefds	file:///usr/include/x86_64-linux-gnu/sys/select.h:102:25:102:34	2	declaration of select	file:///usr/include/x86_64-linux-gnu/sys/select.h:101:12:101:17
declaration of __exceptfds	file:///usr/include/x86_64-linux-gnu/sys/select.h:115:26:115:36	3	declaration of pselect	file:///usr/include/x86_64-linux-gnu/sys/select.h:113:12:113:18
declaration of __exceptfds	file:///usr/include/x86_64-linux-gnu/sys/select.h:103:25:103:35	3	declaration of select	file:///usr/include/x86_64-linux-gnu/sys/select.h:101:12:101:17
declaration of __timeout	file:///usr/include/x86_64-linux-gnu/sys/select.h:116:41:116:49	4	declaration of pselect	file:///usr/include/x86_64-linux-gnu/sys/select.h:113:12:113:18
declaration of __timeout	file:///usr/include/x86_64-linux-gnu/sys/select.h:104:33:104:41	4	declaration of select	file:///usr/include/x86_64-linux-gnu/sys/select.h:101:12:101:17
declaration of __sigmask	file:///usr/include/x86_64-linux-gnu/sys/select.h:117:36:117:44	5	declaration of pselect	file:///usr/include/x86_64-linux-gnu/sys/select.h:113:12:113:18
declaration of __major	file:///usr/include/x86_64-linux-gnu/sys/sysmacros.h:75:1:75:52	0	declaration of gnu_dev_makedev	file:///usr/include/x86_64-linux-gnu/sys/sysmacros.h:75:1:75:52
declaration of __minor	file:///usr/include/x86_64-linux-gnu/sys/sysmacros.h:75:1:75:52	1	declaration of gnu_dev_makedev	file:///usr/include/x86_64-linux-gnu/sys/sysmacros.h:75:1:75:52
declaration of __dev	file:///usr/include/x86_64-linux-gnu/sys/sysmacros.h:74:1:74:50	0	declaration of gnu_dev_minor	file:///usr/include/x86_64-linux-gnu/sys/sysmacros.h:74:1:74:50
declaration of __dev	file:///usr/include/x86_64-linux-gnu/sys/sysmacros.h:73:1:73:50	0	declaration of gnu_dev_major	file:///usr/include/x86_64-linux-gnu/sys/sysmacros.h:73:1:73:50
declaration of __loadavg	file:///usr/include/stdlib.h:1006:31:1006:39	0	declaration of getloadavg	file:///usr/include/stdlib.h:1006:12:1006:21
declaration of __nelem	file:///usr/include/stdlib.h:1006:48:1006:54	1	declaration of getloadavg	file:///usr/include/stdlib.h:1006:12:1006:21
declaration of __optionp	file:///usr/include/stdlib.h:954:41:954:49	0	declaration of getsubopt	file:///usr/include/stdlib.h:954:12:954:20
declaration of __tokens	file:///usr/include/stdlib.h:955:33:955:40	1	declaration of getsubopt	file:///usr/include/stdlib.h:954:12:954:20
declaration of __valuep	file:///usr/include/stdlib.h:956:27:956:34	2	declaration of getsubopt	file:///usr/include/stdlib.h:954:12:954:20
declaration of __response	file:///usr/include/stdlib.h:943:33:943:42	0	declaration of rpmatch	file:///usr/include/stdlib.h:943:12:943:18
declaration of __pwcs	file:///usr/include/stdlib.h:934:30:934:35	1	declaration of wcstombs	file:///usr/include/stdlib.h:933:15:933:22
declaration of __pwcs	file:///usr/include/stdlib.h:930:46:930:51	0	declaration of mbstowcs	file:///usr/include/stdlib.h:930:15:930:22
declaration of __wchar	file:///usr/include/stdlib.h:926:39:926:45	1	declaration of wctomb	file:///usr/include/stdlib.h:926:12:926:17
declaration of __pwc	file:///usr/include/stdlib.h:922:40:922:44	0	declaration of mbtowc	file:///usr/include/stdlib.h:922:12:922:17
declaration of __value	file:///usr/include/stdlib.h:910:33:910:39	0	declaration of qfcvt_r	file:///usr/include/stdlib.h:910:12:910:18
declaration of __value	file:///usr/include/stdlib.h:906:33:906:39	0	declaration of qecvt_r	file:///usr/include/stdlib.h:906:12:906:18
declaration of __value	file:///usr/include/stdlib.h:902:27:902:33	0	declaration of fcvt_r	file:///usr/include/stdlib.h:902:12:902:17
declaration of __value	file:///usr/include/stdlib.h:899:27:899:33	0	declaration of ecvt_r	file:///usr/include/stdlib.h:899:12:899:17
declaration of __value	file:///usr/include/stdlib.h:893:33:893:39	0	declaration of qgcvt	file:///usr/include/stdlib.h:893:14:893:18
declaration of __value	file:///usr/include/stdlib.h:890:33:890:39	0	declaration of qfcvt	file:///usr/include/stdlib.h:890:14:890:18
declaration of __value	file:///usr/include/stdlib.h:887:33:887:39	0	declaration of qecvt	file:///usr/include/stdlib.h:887:14:887:18
declaration of __value	file:///usr/include/stdlib.h:881:27:881:33	0	declaration of gcvt	file:///usr/include/stdlib.h:881:14:881:17
declaration of __value	file:///usr/include/stdlib.h:875:27:875:33	0	declaration of fcvt	file:///usr/include/stdlib.h:875:14:875:17
declaration of __value	file:///usr/include/stdlib.h:869:27:869:33	0	declaration of ecvt	file:///usr/include/stdlib.h:869:14:869:17
declaration of __value	file:///usr/include/stdlib.h:650:52:650:58	1	declaration of setenv	file:///usr/include/stdlib.h:650:12:650:17
declaration of __ndigit	file:///usr/include/stdlib.h:910:46:910:53	1	declaration of qfcvt_r	file:///usr/include/stdlib.h:910:12:910:18
declaration of __ndigit	file:///usr/include/stdlib.h:906:46:906:53	1	declaration of qecvt_r	file:///usr/include/stdlib.h:906:12:906:18
declaration of __ndigit	file:///usr/include/stdlib.h:902:40:902:47	1	declaration of fcvt_r	file:///usr/include/stdlib.h:902:12:902:17
declaration of __ndigit	file:///usr/include/stdlib.h:899:40:899:47	1	declaration of ecvt_r	file:///usr/include/stdlib.h:899:12:899:17
declaration of __ndigit	file:///usr/include/stdlib.h:893:46:893:53	1	declaration of qgcvt	file:///usr/include/stdlib.h:893:14:893:18
declaration of __ndigit	file:///usr/include/stdlib.h:890:46:890:53	1	declaration of qfcvt	file:///usr/include/stdlib.h:890:14:890:18
declaration of __ndigit	file:///usr/include/stdlib.h:887:46:887:53	1	declaration of qecvt	file:///usr/include/stdlib.h:887:14:887:18
declaration of __ndigit	file:///usr/include/stdlib.h:881:40:881:47	1	declaration of gcvt	file:///usr/include/stdlib.h:881:14:881:17
declaration of __ndigit	file:///usr/include/stdlib.h:875:40:875:47	1	declaration of fcvt	file:///usr/include/stdlib.h:875:14:875:17
declaration of __ndigit	file:///usr/include/stdlib.h:869:40:869:47	1	declaration of ecvt	file:///usr/include/stdlib.h:869:14:869:17
declaration of __decpt	file:///usr/include/stdlib.h:911:23:911:29	2	declaration of qfcvt_r	file:///usr/include/stdlib.h:910:12:910:18
declaration of __decpt	file:///usr/include/stdlib.h:907:23:907:29	2	declaration of qecvt_r	file:///usr/include/stdlib.h:906:12:906:18
declaration of __decpt	file:///usr/include/stdlib.h:902:66:902:72	2	declaration of fcvt_r	file:///usr/include/stdlib.h:902:12:902:17
declaration of __decpt	file:///usr/include/stdlib.h:899:66:899:72	2	declaration of ecvt_r	file:///usr/include/stdlib.h:899:12:899:17
declaration of __decpt	file:///usr/include/stdlib.h:891:23:891:29	2	declaration of qfcvt	file:///usr/include/stdlib.h:890:14:890:18
declaration of __decpt	file:///usr/include/stdlib.h:888:23:888:29	2	declaration of qecvt	file:///usr/include/stdlib.h:887:14:887:18
declaration of __decpt	file:///usr/include/stdlib.h:875:66:875:72	2	declaration of fcvt	file:///usr/include/stdlib.h:875:14:875:17
declaration of __decpt	file:///usr/include/stdlib.h:869:66:869:72	2	declaration of ecvt	file:///usr/include/stdlib.h:869:14:869:17
declaration of __sign	file:///usr/include/stdlib.h:911:48:911:53	3	declaration of qfcvt_r	file:///usr/include/stdlib.h:910:12:910:18
declaration of __sign	file:///usr/include/stdlib.h:907:48:907:53	3	declaration of qecvt_r	file:///usr/include/stdlib.h:906:12:906:18
declaration of __sign	file:///usr/include/stdlib.h:903:22:903:27	3	declaration of fcvt_r	file:///usr/include/stdlib.h:902:12:902:17
declaration of __sign	file:///usr/include/stdlib.h:900:22:900:27	3	declaration of ecvt_r	file:///usr/include/stdlib.h:899:12:899:17
declaration of __sign	file:///usr/include/stdlib.h:891:48:891:53	3	declaration of qfcvt	file:///usr/include/stdlib.h:890:14:890:18
declaration of __sign	file:///usr/include/stdlib.h:888:48:888:53	3	declaration of qecvt	file:///usr/include/stdlib.h:887:14:887:18
declaration of __sign	file:///usr/include/stdlib.h:876:22:876:27	3	declaration of fcvt	file:///usr/include/stdlib.h:875:14:875:17
declaration of __sign	file:///usr/include/stdlib.h:870:22:870:27	3	declaration of ecvt	file:///usr/include/stdlib.h:869:14:869:17
declaration of __numer	file:///usr/include/stdlib.h:855:51:855:57	0	declaration of lldiv	file:///usr/include/stdlib.h:855:30:855:34
declaration of __numer	file:///usr/include/stdlib.h:851:30:851:36	0	declaration of ldiv	file:///usr/include/stdlib.h:851:15:851:18
declaration of __numer	file:///usr/include/stdlib.h:849:23:849:29	0	declaration of div	file:///usr/include/stdlib.h:849:14:849:16
declaration of __denom	file:///usr/include/stdlib.h:856:23:856:29	1	declaration of lldiv	file:///usr/include/stdlib.h:855:30:855:34
declaration of __denom	file:///usr/include/stdlib.h:851:48:851:54	1	declaration of ldiv	file:///usr/include/stdlib.h:851:15:851:18
declaration of __denom	file:///usr/include/stdlib.h:849:36:849:42	1	declaration of div	file:///usr/include/stdlib.h:849:14:849:16
declaration of __x	file:///usr/include/stdlib.h:841:57:841:59	0	declaration of llabs	file:///usr/include/stdlib.h:841:36:841:40
declaration of __x	file:///usr/include/stdlib.h:838:32:838:34	0	declaration of labs	file:///usr/include/stdlib.h:838:17:838:20
declaration of __x	file:///usr/include/stdlib.h:837:21:837:23	0	declaration of abs	file:///usr/include/stdlib.h:837:12:837:14
declaration of __base	file:///usr/include/stdlib.h:827:26:827:31	0	declaration of qsort	file:///usr/include/stdlib.h:827:13:827:17
declaration of __base	file:///usr/include/stdlib.h:817:54:817:59	1	declaration of bsearch	file:///usr/include/stdlib.h:817:14:817:20
declaration of __base	file:///usr/include/stdlib.h:206:38:206:43	2	declaration of strtoull	file:///usr/include/stdlib.h:205:31:205:38
declaration of __base	file:///usr/include/stdlib.h:201:42:201:47	2	declaration of strtoll	file:///usr/include/stdlib.h:200:22:200:28
declaration of __base	file:///usr/include/stdlib.h:193:44:193:49	2	declaration of strtouq	file:///usr/include/stdlib.h:192:31:192:37
declaration of __base	file:///usr/include/stdlib.h:188:41:188:46	2	declaration of strtoq	file:///usr/include/stdlib.h:187:22:187:27
declaration of __base	file:///usr/include/stdlib.h:181:39:181:44	2	declaration of strtoul	file:///usr/include/stdlib.h:180:26:180:32
declaration of __base	file:///usr/include/stdlib.h:177:36:177:41	2	declaration of strtol	file:///usr/include/stdlib.h:176:17:176:22
declaration of __nmemb	file:///usr/include/stdlib.h:827:41:827:47	1	declaration of qsort	file:///usr/include/stdlib.h:827:13:827:17
declaration of __nmemb	file:///usr/include/stdlib.h:818:16:818:22	2	declaration of bsearch	file:///usr/include/stdlib.h:817:14:817:20
declaration of __nmemb	file:///usr/include/stdlib.h:541:29:541:35	0	declaration of calloc	file:///usr/include/stdlib.h:541:14:541:19
declaration of __compar	file:///usr/include/stdlib.h:828:20:828:27	3	declaration of qsort	file:///usr/include/stdlib.h:827:13:827:17
declaration of __compar	file:///usr/include/stdlib.h:818:54:818:61	4	declaration of bsearch	file:///usr/include/stdlib.h:817:14:817:20
declaration of __key	file:///usr/include/stdlib.h:817:35:817:39	0	declaration of bsearch	file:///usr/include/stdlib.h:817:14:817:20
declaration of __name	file:///usr/include/stdlib.h:797:47:797:52	0	declaration of realpath	file:///usr/include/stdlib.h:797:14:797:21
declaration of __name	file:///usr/include/stdlib.h:654:34:654:39	0	declaration of unsetenv	file:///usr/include/stdlib.h:654:12:654:19
declaration of __name	file:///usr/include/stdlib.h:650:32:650:37	0	declaration of setenv	file:///usr/include/stdlib.h:650:12:650:17
declaration of __name	file:///usr/include/stdlib.h:631:34:631:39	0	declaration of getenv	file:///usr/include/stdlib.h:631:14:631:19
declaration of __resolved	file:///usr/include/stdlib.h:798:27:798:36	1	declaration of realpath	file:///usr/include/stdlib.h:797:14:797:21
declaration of __template	file:///usr/include/stdlib.h:728:29:728:38	0	declaration of mkdtemp	file:///usr/include/stdlib.h:728:14:728:20
declaration of __template	file:///usr/include/stdlib.h:707:28:707:37	0	declaration of mkstemps	file:///usr/include/stdlib.h:707:12:707:19
declaration of __template	file:///usr/include/stdlib.h:685:27:685:36	0	declaration of mkstemp	file:///usr/include/stdlib.h:685:12:685:18
declaration of __template	file:///usr/include/stdlib.h:672:28:672:37	0	declaration of mktemp	file:///usr/include/stdlib.h:672:14:672:19
declaration of __suffixlen	file:///usr/include/stdlib.h:707:44:707:54	1	declaration of mkstemps	file:///usr/include/stdlib.h:707:12:707:19
declaration of __replace	file:///usr/include/stdlib.h:650:65:650:73	2	declaration of setenv	file:///usr/include/stdlib.h:650:12:650:17
declaration of __string	file:///usr/include/stdlib.h:644:26:644:33	0	declaration of putenv	file:///usr/include/stdlib.h:644:12:644:17
declaration of __status	file:///usr/include/stdlib.h:626:24:626:31	0	declaration of _Exit	file:///usr/include/stdlib.h:626:13:626:17
declaration of __status	file:///usr/include/stdlib.h:620:29:620:36	0	declaration of quick_exit	file:///usr/include/stdlib.h:620:13:620:22
declaration of __status	file:///usr/include/stdlib.h:614:23:614:30	0	declaration of exit	file:///usr/include/stdlib.h:614:13:614:16
declaration of __func	file:///usr/include/stdlib.h:607:28:607:33	0	declaration of on_exit	file:///usr/include/stdlib.h:607:12:607:18
declaration of __func	file:///usr/include/stdlib.h:600:34:600:39	0	declaration of at_quick_exit	file:///usr/include/stdlib.h:600:12:600:24
declaration of __func	file:///usr/include/stdlib.h:592:27:592:32	0	declaration of atexit	file:///usr/include/stdlib.h:592:12:592:17
declaration of __alignment	file:///usr/include/stdlib.h:583:36:583:46	0	declaration of aligned_alloc	file:///usr/include/stdlib.h:583:14:583:26
declaration of __alignment	file:///usr/include/stdlib.h:577:52:577:62	1	declaration of posix_memalign	file:///usr/include/stdlib.h:577:12:577:25
declaration of __memptr	file:///usr/include/stdlib.h:577:35:577:42	0	declaration of posix_memalign	file:///usr/include/stdlib.h:577:12:577:25
declaration of __param	file:///usr/include/stdlib.h:532:42:532:48	0	declaration of lcong48_r	file:///usr/include/stdlib.h:532:12:532:20
declaration of __param	file:///usr/include/stdlib.h:484:41:484:47	0	declaration of lcong48	file:///usr/include/stdlib.h:484:13:484:19
declaration of __buffer	file:///usr/include/stdlib.h:533:30:533:37	1	declaration of lcong48_r	file:///usr/include/stdlib.h:532:12:532:20
declaration of __buffer	file:///usr/include/stdlib.h:530:29:530:36	1	declaration of seed48_r	file:///usr/include/stdlib.h:529:12:529:19
declaration of __buffer	file:///usr/include/stdlib.h:526:64:526:71	1	declaration of srand48_r	file:///usr/include/stdlib.h:526:12:526:20
declaration of __buffer	file:///usr/include/stdlib.h:521:41:521:48	1	declaration of jrand48_r	file:///usr/include/stdlib.h:520:12:520:20
declaration of __buffer	file:///usr/include/stdlib.h:517:55:517:62	0	declaration of mrand48_r	file:///usr/include/stdlib.h:517:12:517:20
declaration of __buffer	file:///usr/include/stdlib.h:512:41:512:48	1	declaration of nrand48_r	file:///usr/include/stdlib.h:511:12:511:20
declaration of __buffer	file:///usr/include/stdlib.h:508:55:508:62	0	declaration of lrand48_r	file:///usr/include/stdlib.h:508:12:508:20
declaration of __buffer	file:///usr/include/stdlib.h:504:41:504:48	1	declaration of erand48_r	file:///usr/include/stdlib.h:503:12:503:20
declaration of __buffer	file:///usr/include/stdlib.h:501:55:501:62	0	declaration of drand48_r	file:///usr/include/stdlib.h:501:12:501:20
declaration of __seed16v	file:///usr/include/stdlib.h:529:41:529:49	0	declaration of seed48_r	file:///usr/include/stdlib.h:529:12:529:19
declaration of __seed16v	file:///usr/include/stdlib.h:482:55:482:63	0	declaration of seed48	file:///usr/include/stdlib.h:482:28:482:33
declaration of __seedval	file:///usr/include/stdlib.h:526:32:526:40	0	declaration of srand48_r	file:///usr/include/stdlib.h:526:12:526:20
declaration of __seedval	file:///usr/include/stdlib.h:481:31:481:39	0	declaration of srand48	file:///usr/include/stdlib.h:481:13:481:19
declaration of __xsubi	file:///usr/include/stdlib.h:520:42:520:48	0	declaration of jrand48_r	file:///usr/include/stdlib.h:520:12:520:20
declaration of __xsubi	file:///usr/include/stdlib.h:511:42:511:48	0	declaration of nrand48_r	file:///usr/include/stdlib.h:511:12:511:20
declaration of __xsubi	file:///usr/include/stdlib.h:503:42:503:48	0	declaration of erand48_r	file:///usr/include/stdlib.h:503:12:503:20
declaration of __xsubi	file:///usr/include/stdlib.h:477:45:477:51	0	declaration of jrand48	file:///usr/include/stdlib.h:477:17:477:23
declaration of __xsubi	file:///usr/include/stdlib.h:472:45:472:51	0	declaration of nrand48	file:///usr/include/stdlib.h:472:17:472:23
declaration of __xsubi	file:///usr/include/stdlib.h:468:43:468:49	0	declaration of erand48	file:///usr/include/stdlib.h:468:15:468:21
declaration of __result	file:///usr/include/stdlib.h:522:30:522:37	2	declaration of jrand48_r	file:///usr/include/stdlib.h:520:12:520:20
declaration of __result	file:///usr/include/stdlib.h:518:30:518:37	1	declaration of mrand48_r	file:///usr/include/stdlib.h:517:12:517:20
declaration of __result	file:///usr/include/stdlib.h:513:30:513:37	2	declaration of nrand48_r	file:///usr/include/stdlib.h:511:12:511:20
declaration of __result	file:///usr/include/stdlib.h:509:30:509:37	1	declaration of lrand48_r	file:///usr/include/stdlib.h:508:12:508:20
declaration of __result	file:///usr/include/stdlib.h:505:28:505:35	2	declaration of erand48_r	file:///usr/include/stdlib.h:503:12:503:20
declaration of __result	file:///usr/include/stdlib.h:502:28:502:35	1	declaration of drand48_r	file:///usr/include/stdlib.h:501:12:501:20
declaration of __result	file:///usr/include/stdlib.h:435:28:435:35	1	declaration of random_r	file:///usr/include/stdlib.h:434:12:434:19
declaration of __seed	file:///usr/include/stdlib.h:459:34:459:39	0	declaration of rand_r	file:///usr/include/stdlib.h:459:12:459:17
declaration of __seed	file:///usr/include/stdlib.h:455:33:455:38	0	declaration of srand	file:///usr/include/stdlib.h:455:13:455:17
declaration of __seed	file:///usr/include/stdlib.h:440:38:440:43	0	declaration of initstate_r	file:///usr/include/stdlib.h:440:12:440:22
declaration of __seed	file:///usr/include/stdlib.h:437:36:437:41	0	declaration of srandom_r	file:///usr/include/stdlib.h:437:12:437:20
declaration of __seed	file:///usr/include/stdlib.h:410:38:410:43	0	declaration of initstate	file:///usr/include/stdlib.h:410:14:410:22
declaration of __seed	file:///usr/include/stdlib.h:404:35:404:40	0	declaration of srandom	file:///usr/include/stdlib.h:404:13:404:19
declaration of __statebuf	file:///usr/include/stdlib.h:445:41:445:50	0	declaration of setstate_r	file:///usr/include/stdlib.h:445:12:445:21
declaration of __statebuf	file:///usr/include/stdlib.h:440:63:440:72	1	declaration of initstate_r	file:///usr/include/stdlib.h:440:12:440:22
declaration of __statebuf	file:///usr/include/stdlib.h:415:30:415:39	0	declaration of setstate	file:///usr/include/stdlib.h:415:14:415:21
declaration of __statebuf	file:///usr/include/stdlib.h:410:52:410:61	1	declaration of initstate	file:///usr/include/stdlib.h:410:14:410:22
declaration of __statelen	file:///usr/include/stdlib.h:441:11:441:20	2	declaration of initstate_r	file:///usr/include/stdlib.h:440:12:440:22
declaration of __statelen	file:///usr/include/stdlib.h:411:11:411:20	2	declaration of initstate	file:///usr/include/stdlib.h:410:14:410:22
declaration of __nptr	file:///usr/include/stdlib.h:205:64:205:69	0	declaration of strtoull	file:///usr/include/stdlib.h:205:31:205:38
declaration of __nptr	file:///usr/include/stdlib.h:200:54:200:59	0	declaration of strtoll	file:///usr/include/stdlib.h:200:22:200:28
declaration of __nptr	file:///usr/include/stdlib.h:192:63:192:68	0	declaration of strtouq	file:///usr/include/stdlib.h:192:31:192:37
declaration of __nptr	file:///usr/include/stdlib.h:187:53:187:58	0	declaration of strtoq	file:///usr/include/stdlib.h:187:22:187:27
declaration of __nptr	file:///usr/include/stdlib.h:180:58:180:63	0	declaration of strtoul	file:///usr/include/stdlib.h:180:26:180:32
declaration of __nptr	file:///usr/include/stdlib.h:176:48:176:53	0	declaration of strtol	file:///usr/include/stdlib.h:176:17:176:22
declaration of __nptr	file:///usr/include/stdlib.h:126:52:126:57	0	declaration of strtold	file:///usr/include/stdlib.h:126:20:126:26
declaration of __nptr	file:///usr/include/stdlib.h:123:45:123:50	0	declaration of strtof	file:///usr/include/stdlib.h:123:14:123:19
declaration of __nptr	file:///usr/include/stdlib.h:117:46:117:51	0	declaration of strtod	file:///usr/include/stdlib.h:117:15:117:20
declaration of __nptr	file:///usr/include/stdlib.h:112:55:112:60	0	declaration of atoll	file:///usr/include/stdlib.h:112:36:112:40
declaration of __nptr	file:///usr/include/stdlib.h:107:35:107:40	0	declaration of atol	file:///usr/include/stdlib.h:107:17:107:20
declaration of __nptr	file:///usr/include/stdlib.h:104:30:104:35	0	declaration of atoi	file:///usr/include/stdlib.h:104:12:104:15
declaration of __nptr	file:///usr/include/stdlib.h:101:33:101:38	0	declaration of atof	file:///usr/include/stdlib.h:101:15:101:18
declaration of __endptr	file:///usr/include/stdlib.h:206:24:206:31	1	declaration of strtoull	file:///usr/include/stdlib.h:205:31:205:38
declaration of __endptr	file:///usr/include/stdlib.h:201:28:201:35	1	declaration of strtoll	file:///usr/include/stdlib.h:200:22:200:28
declaration of __endptr	file:///usr/include/stdlib.h:193:30:193:37	1	declaration of strtouq	file:///usr/include/stdlib.h:192:31:192:37
declaration of __endptr	file:///usr/include/stdlib.h:188:27:188:34	1	declaration of strtoq	file:///usr/include/stdlib.h:187:22:187:27
declaration of __endptr	file:///usr/include/stdlib.h:181:25:181:32	1	declaration of strtoul	file:///usr/include/stdlib.h:180:26:180:32
declaration of __endptr	file:///usr/include/stdlib.h:177:22:177:29	1	declaration of strtol	file:///usr/include/stdlib.h:176:17:176:22
declaration of __endptr	file:///usr/include/stdlib.h:127:26:127:33	1	declaration of strtold	file:///usr/include/stdlib.h:126:20:126:26
declaration of __endptr	file:///usr/include/stdlib.h:124:26:124:33	1	declaration of strtof	file:///usr/include/stdlib.h:123:14:123:19
declaration of __endptr	file:///usr/include/stdlib.h:118:27:118:34	1	declaration of strtod	file:///usr/include/stdlib.h:117:15:117:20
